relative_path,size_human,num_rows,num_columns,columns,first_rows_preview,status,error,repo_action_hint
C\results\deep_models_seediv\deep_models_all_folds.csv,6.49 MB,10395,35,"f1_macro, f1_weighted, accuracy, f1_per_class, conf_matrix, seed, fold, test_subj, elapsed_s, model, acc, f1, n_test, model_id, ch, test_sub, acc_a, f1_a, acc_b, f1_b, best_val_f1, elapsed, cm_a, cm_b, y_true_a, y_pred_a, y_true_b, y_pred_b, n_pseudolabels, delta, theta, alpha, beta, gamma, overall","[{""f1_macro"":0.3062068593,""f1_weighted"":0.302774338,""accuracy"":0.3129740519,""f1_per_class"":""[0.21169354838709678, 0.30940766550522647, 0.3642428285523682, 0.33948339483394835]"",""conf_matrix"":""[[105, 171, 270, 132], [122, 222, 184, 155], [12, 246, 273, 84], [75, 113, 157, 184]]"",""seed"":1.0,""fold"":0.0,""test_subj"":1.0,""elapsed_s"":0.51,""model"":null,""acc"":null,""f1"":null,""n_test"":null,""model_id"":null,""ch"":null,""test_sub"":null,""acc_a"":null,""f1_a"":null,""acc_b"":null,""f1_b"":null,""best_val_f1"":null,""elapsed"":null,""cm_a"":null,""cm_b"":null,""y_true_a"":null,""y_pred_a"":null,""y_true_b"":null,""y_pred_b"":null,""n_pseudolabels"":null,""delta"":null,""theta"":null,""alpha"":null,""beta"":null,""gamma"":null,""overall"":null},{""f1_macro"":0.4175741061,""f1_weighted"":0.4260324335,""accuracy"":0.430738523,""f1_per_class"":""[0.6656101426307448, 0.48326639892904955, 0.11657559198542805, 0.40484429065743943]"",""conf_matrix"":""[[420, 68, 137, 53], [75, 361, 228, 19], [89, 141, 64, 321], [0, 241, 54, 234]]"",""seed"":1.0,""fold"":1.0,""test_su",ok,,KEEP_RESULT_PROVENANCE
C\results\deep_models_seediv\M23_6ch_summary.csv,1.30 MB,45,18,"model_id, ch, seed, fold, test_sub, acc_a, f1_a, acc_b, f1_b, best_val_f1, elapsed, cm_a, cm_b, y_true_a, y_pred_a, y_true_b, y_pred_b, n_pseudolabels","[{""model_id"":""M23"",""ch"":""6ch"",""seed"":1,""fold"":1,""test_sub"":1,""acc_a"":0.4623,""f1_a"":0.4458,""acc_b"":0.5368,""f1_b"":0.5265,""best_val_f1"":0.9879,""elapsed"":79.8,""cm_a"":""[[275, 82, 162, 159], [27, 431, 122, 103], [88, 222, 112, 193], [66, 99, 24, 340]]"",""cm_b"":""[[315, 214, 9, 134], [27, 467, 135, 46], [100, 34, 206, 273], [49, 106, 24, 346]]"",""y_true_a"":""[1, 1, 1, 1, 1, 1, 1, 1, 1, 1, 1, 1, 1, 1, 1, 1, 1, 1, 1, 1, 1, 1, 1, 1, 1, 1, 1, 1, 1, 1, 1, 1, 1, 1, 1, 1, 1, 1, 1, 1, 1, 1, 2, 2, 2, 2, 2, 2, 2, 2, 2, 2, 2, 2, 2, 2, 2, 2, 2, 2, 2, 2, 2, 2, 2, 3, 3, 3, 3, 3, 3, 3, 3, 3, 3, 3, 3, 3, 3, 3, 3, 3, 3, 3, 3, 3, 3, 3, 3, 3, 3, 3, 3, 3, 3, 3, 3, 3, 3, 3, 3, 3, 3, 3, 3, 3, 3, 3, 3, 3, 3, 3, 3, 3, 0, 0, 0, 0, 0, 0, 0, 0, 0, 0, 0, 0, 0, 0, 0, 0, 0, 0, 0, 0, 0, 0, 0, 0, 0, 0, 0, 0, 0, 0, 0, 0, 2, 2, 2, 2, 2, 2, 2, 2, 2, 2, 2, 2, 2, 2, 2, 2, 2, 2, 2, 2, 2, 2, 0, 0, 0, 0, 0, 0, 0, 0, 0, 0, 0, 0, 0, 0, 0, 0, 0, 0, 0, 0, 0, 0, 0, 0, 0, 0, 0, 0, 0, 0, 0, 0, 0, 0, 0, 0, 0, 0, 0, 0, 0, 0, 0, 0, 0, 0, 0, 0, 0",ok,,KEEP_RESULT_PROVENANCE
C\results\deep_models_seediv\M20_6ch_summary.csv,1.30 MB,45,17,"model_id, ch, seed, fold, test_sub, acc_a, f1_a, acc_b, f1_b, best_val_f1, elapsed, cm_a, cm_b, y_true_a, y_pred_a, y_true_b, y_pred_b","[{""model_id"":""M20"",""ch"":""6ch"",""seed"":1,""fold"":1,""test_sub"":1,""acc_a"":0.479,""f1_a"":0.4745,""acc_b"":0.6036,""f1_b"":0.6014,""best_val_f1"":0.9964,""elapsed"":172.5,""cm_a"":""[[229, 82, 184, 183], [27, 367, 160, 129], [30, 235, 235, 115], [67, 76, 17, 369]]"",""cm_b"":""[[378, 129, 44, 121], [51, 450, 116, 58], [98, 22, 318, 175], [49, 98, 24, 354]]"",""y_true_a"":""[1, 1, 1, 1, 1, 1, 1, 1, 1, 1, 1, 1, 1, 1, 1, 1, 1, 1, 1, 1, 1, 1, 1, 1, 1, 1, 1, 1, 1, 1, 1, 1, 1, 1, 1, 1, 1, 1, 1, 1, 1, 1, 2, 2, 2, 2, 2, 2, 2, 2, 2, 2, 2, 2, 2, 2, 2, 2, 2, 2, 2, 2, 2, 2, 2, 3, 3, 3, 3, 3, 3, 3, 3, 3, 3, 3, 3, 3, 3, 3, 3, 3, 3, 3, 3, 3, 3, 3, 3, 3, 3, 3, 3, 3, 3, 3, 3, 3, 3, 3, 3, 3, 3, 3, 3, 3, 3, 3, 3, 3, 3, 3, 3, 3, 0, 0, 0, 0, 0, 0, 0, 0, 0, 0, 0, 0, 0, 0, 0, 0, 0, 0, 0, 0, 0, 0, 0, 0, 0, 0, 0, 0, 0, 0, 0, 0, 2, 2, 2, 2, 2, 2, 2, 2, 2, 2, 2, 2, 2, 2, 2, 2, 2, 2, 2, 2, 2, 2, 0, 0, 0, 0, 0, 0, 0, 0, 0, 0, 0, 0, 0, 0, 0, 0, 0, 0, 0, 0, 0, 0, 0, 0, 0, 0, 0, 0, 0, 0, 0, 0, 0, 0, 0, 0, 0, 0, 0, 0, 0, 0, 0, 0, 0, 0, 0, 0, 0,",ok,,KEEP_RESULT_PROVENANCE
C\results\deep_models_seediv\M23_62ch_summary.csv,1.30 MB,45,18,"model_id, ch, seed, fold, test_sub, acc_a, f1_a, acc_b, f1_b, best_val_f1, elapsed, cm_a, cm_b, y_true_a, y_pred_a, y_true_b, y_pred_b, n_pseudolabels","[{""model_id"":""M23"",""ch"":""62ch"",""seed"":1,""fold"":1,""test_sub"":1,""acc_a"":0.3593,""f1_a"":0.362,""acc_b"":0.627,""f1_b"":0.6175,""best_val_f1"":1.0,""elapsed"":67.7,""cm_a"":""[[161, 152, 229, 136], [42, 250, 228, 163], [0, 286, 262, 67], [17, 100, 185, 227]]"",""cm_b"":""[[369, 216, 46, 41], [49, 487, 112, 27], [87, 22, 476, 28], [50, 143, 106, 226]]"",""y_true_a"":""[1, 1, 1, 1, 1, 1, 1, 1, 1, 1, 1, 1, 1, 1, 1, 1, 1, 1, 1, 1, 1, 1, 1, 1, 1, 1, 1, 1, 1, 1, 1, 1, 1, 1, 1, 1, 1, 1, 1, 1, 1, 1, 2, 2, 2, 2, 2, 2, 2, 2, 2, 2, 2, 2, 2, 2, 2, 2, 2, 2, 2, 2, 2, 2, 2, 3, 3, 3, 3, 3, 3, 3, 3, 3, 3, 3, 3, 3, 3, 3, 3, 3, 3, 3, 3, 3, 3, 3, 3, 3, 3, 3, 3, 3, 3, 3, 3, 3, 3, 3, 3, 3, 3, 3, 3, 3, 3, 3, 3, 3, 3, 3, 3, 3, 0, 0, 0, 0, 0, 0, 0, 0, 0, 0, 0, 0, 0, 0, 0, 0, 0, 0, 0, 0, 0, 0, 0, 0, 0, 0, 0, 0, 0, 0, 0, 0, 2, 2, 2, 2, 2, 2, 2, 2, 2, 2, 2, 2, 2, 2, 2, 2, 2, 2, 2, 2, 2, 2, 0, 0, 0, 0, 0, 0, 0, 0, 0, 0, 0, 0, 0, 0, 0, 0, 0, 0, 0, 0, 0, 0, 0, 0, 0, 0, 0, 0, 0, 0, 0, 0, 0, 0, 0, 0, 0, 0, 0, 0, 0, 0, 0, 0, 0, 0, 0, 0, 0, 0,",ok,,KEEP_RESULT_PROVENANCE
C\results\deep_models_seediv\M22_6ch_summary.csv,1.30 MB,45,17,"model_id, ch, seed, fold, test_sub, acc_a, f1_a, acc_b, f1_b, best_val_f1, elapsed, cm_a, cm_b, y_true_a, y_pred_a, y_true_b, y_pred_b","[{""model_id"":""M22"",""ch"":""6ch"",""seed"":1,""fold"":1,""test_sub"":1,""acc_a"":0.4411,""f1_a"":0.4279,""acc_b"":0.6036,""f1_b"":0.5981,""best_val_f1"":0.5777,""elapsed"":269.0,""cm_a"":""[[121, 131, 210, 216], [0, 357, 190, 136], [90, 182, 320, 23], [61, 95, 66, 307]]"",""cm_b"":""[[391, 169, 27, 85], [27, 502, 59, 87], [88, 134, 266, 125], [50, 110, 24, 341]]"",""y_true_a"":""[1, 1, 1, 1, 1, 1, 1, 1, 1, 1, 1, 1, 1, 1, 1, 1, 1, 1, 1, 1, 1, 1, 1, 1, 1, 1, 1, 1, 1, 1, 1, 1, 1, 1, 1, 1, 1, 1, 1, 1, 1, 1, 2, 2, 2, 2, 2, 2, 2, 2, 2, 2, 2, 2, 2, 2, 2, 2, 2, 2, 2, 2, 2, 2, 2, 3, 3, 3, 3, 3, 3, 3, 3, 3, 3, 3, 3, 3, 3, 3, 3, 3, 3, 3, 3, 3, 3, 3, 3, 3, 3, 3, 3, 3, 3, 3, 3, 3, 3, 3, 3, 3, 3, 3, 3, 3, 3, 3, 3, 3, 3, 3, 3, 3, 0, 0, 0, 0, 0, 0, 0, 0, 0, 0, 0, 0, 0, 0, 0, 0, 0, 0, 0, 0, 0, 0, 0, 0, 0, 0, 0, 0, 0, 0, 0, 0, 2, 2, 2, 2, 2, 2, 2, 2, 2, 2, 2, 2, 2, 2, 2, 2, 2, 2, 2, 2, 2, 2, 0, 0, 0, 0, 0, 0, 0, 0, 0, 0, 0, 0, 0, 0, 0, 0, 0, 0, 0, 0, 0, 0, 0, 0, 0, 0, 0, 0, 0, 0, 0, 0, 0, 0, 0, 0, 0, 0, 0, 0, 0, 0, 0, 0, 0, 0, 0, 0, 0,",ok,,KEEP_RESULT_PROVENANCE
C\results\deep_models_seediv\M21_6ch_summary.csv,1.30 MB,45,17,"model_id, ch, seed, fold, test_sub, acc_a, f1_a, acc_b, f1_b, best_val_f1, elapsed, cm_a, cm_b, y_true_a, y_pred_a, y_true_b, y_pred_b","[{""model_id"":""M21"",""ch"":""6ch"",""seed"":1,""fold"":1,""test_sub"":1,""acc_a"":0.398,""f1_a"":0.39,""acc_b"":0.594,""f1_b"":0.5852,""best_val_f1"":0.5554,""elapsed"":189.6,""cm_a"":""[[147, 97, 247, 187], [42, 289, 189, 163], [67, 155, 334, 59], [88, 90, 124, 227]]"",""cm_b"":""[[456, 128, 27, 61], [33, 473, 101, 68], [139, 126, 268, 80], [68, 110, 68, 279]]"",""y_true_a"":""[1, 1, 1, 1, 1, 1, 1, 1, 1, 1, 1, 1, 1, 1, 1, 1, 1, 1, 1, 1, 1, 1, 1, 1, 1, 1, 1, 1, 1, 1, 1, 1, 1, 1, 1, 1, 1, 1, 1, 1, 1, 1, 2, 2, 2, 2, 2, 2, 2, 2, 2, 2, 2, 2, 2, 2, 2, 2, 2, 2, 2, 2, 2, 2, 2, 3, 3, 3, 3, 3, 3, 3, 3, 3, 3, 3, 3, 3, 3, 3, 3, 3, 3, 3, 3, 3, 3, 3, 3, 3, 3, 3, 3, 3, 3, 3, 3, 3, 3, 3, 3, 3, 3, 3, 3, 3, 3, 3, 3, 3, 3, 3, 3, 3, 0, 0, 0, 0, 0, 0, 0, 0, 0, 0, 0, 0, 0, 0, 0, 0, 0, 0, 0, 0, 0, 0, 0, 0, 0, 0, 0, 0, 0, 0, 0, 0, 2, 2, 2, 2, 2, 2, 2, 2, 2, 2, 2, 2, 2, 2, 2, 2, 2, 2, 2, 2, 2, 2, 0, 0, 0, 0, 0, 0, 0, 0, 0, 0, 0, 0, 0, 0, 0, 0, 0, 0, 0, 0, 0, 0, 0, 0, 0, 0, 0, 0, 0, 0, 0, 0, 0, 0, 0, 0, 0, 0, 0, 0, 0, 0, 0, 0, 0, 0, 0, 0, 0, 0",ok,,KEEP_RESULT_PROVENANCE
C\results\deep_models_seediv\M19_6ch_summary.csv,1.29 MB,45,17,"model_id, ch, seed, fold, test_sub, acc_a, f1_a, acc_b, f1_b, best_val_f1, elapsed, cm_a, cm_b, y_true_a, y_pred_a, y_true_b, y_pred_b","[{""model_id"":""M19"",""ch"":""6ch"",""seed"":1,""fold"":1,""test_sub"":1,""acc_a"":0.4691,""f1_a"":0.4703,""acc_b"":0.5714,""f1_b"":0.5711,""best_val_f1"":1.0,""elapsed"":103.6,""cm_a"":""[[243, 69, 228, 138], [84, 296, 220, 83], [22, 111, 293, 189], [53, 55, 78, 343]]"",""cm_b"":""[[364, 76, 97, 135], [27, 450, 156, 42], [42, 22, 291, 258], [85, 55, 70, 315]]"",""y_true_a"":""[1, 1, 1, 1, 1, 1, 1, 1, 1, 1, 1, 1, 1, 1, 1, 1, 1, 1, 1, 1, 1, 1, 1, 1, 1, 1, 1, 1, 1, 1, 1, 1, 1, 1, 1, 1, 1, 1, 1, 1, 1, 1, 2, 2, 2, 2, 2, 2, 2, 2, 2, 2, 2, 2, 2, 2, 2, 2, 2, 2, 2, 2, 2, 2, 2, 3, 3, 3, 3, 3, 3, 3, 3, 3, 3, 3, 3, 3, 3, 3, 3, 3, 3, 3, 3, 3, 3, 3, 3, 3, 3, 3, 3, 3, 3, 3, 3, 3, 3, 3, 3, 3, 3, 3, 3, 3, 3, 3, 3, 3, 3, 3, 3, 3, 0, 0, 0, 0, 0, 0, 0, 0, 0, 0, 0, 0, 0, 0, 0, 0, 0, 0, 0, 0, 0, 0, 0, 0, 0, 0, 0, 0, 0, 0, 0, 0, 2, 2, 2, 2, 2, 2, 2, 2, 2, 2, 2, 2, 2, 2, 2, 2, 2, 2, 2, 2, 2, 2, 0, 0, 0, 0, 0, 0, 0, 0, 0, 0, 0, 0, 0, 0, 0, 0, 0, 0, 0, 0, 0, 0, 0, 0, 0, 0, 0, 0, 0, 0, 0, 0, 0, 0, 0, 0, 0, 0, 0, 0, 0, 0, 0, 0, 0, 0, 0, 0, 0, 0, ",ok,,KEEP_RESULT_PROVENANCE
C\results\deep_models_seediv\M20_62ch_summary.csv,1.29 MB,45,17,"model_id, ch, seed, fold, test_sub, acc_a, f1_a, acc_b, f1_b, best_val_f1, elapsed, cm_a, cm_b, y_true_a, y_pred_a, y_true_b, y_pred_b","[{""model_id"":""M20"",""ch"":""62ch"",""seed"":1,""fold"":1,""test_sub"":1,""acc_a"":0.3653,""f1_a"":0.3672,""acc_b"":0.6435,""f1_b"":0.6325,""best_val_f1"":1.0,""elapsed"":190.5,""cm_a"":""[[176, 152, 168, 182], [42, 250, 228, 163], [13, 294, 272, 36], [32, 95, 185, 217]]"",""cm_b"":""[[333, 218, 44, 77], [0, 512, 118, 45], [39, 22, 499, 53], [60, 113, 97, 255]]"",""y_true_a"":""[1, 1, 1, 1, 1, 1, 1, 1, 1, 1, 1, 1, 1, 1, 1, 1, 1, 1, 1, 1, 1, 1, 1, 1, 1, 1, 1, 1, 1, 1, 1, 1, 1, 1, 1, 1, 1, 1, 1, 1, 1, 1, 2, 2, 2, 2, 2, 2, 2, 2, 2, 2, 2, 2, 2, 2, 2, 2, 2, 2, 2, 2, 2, 2, 2, 3, 3, 3, 3, 3, 3, 3, 3, 3, 3, 3, 3, 3, 3, 3, 3, 3, 3, 3, 3, 3, 3, 3, 3, 3, 3, 3, 3, 3, 3, 3, 3, 3, 3, 3, 3, 3, 3, 3, 3, 3, 3, 3, 3, 3, 3, 3, 3, 3, 0, 0, 0, 0, 0, 0, 0, 0, 0, 0, 0, 0, 0, 0, 0, 0, 0, 0, 0, 0, 0, 0, 0, 0, 0, 0, 0, 0, 0, 0, 0, 0, 2, 2, 2, 2, 2, 2, 2, 2, 2, 2, 2, 2, 2, 2, 2, 2, 2, 2, 2, 2, 2, 2, 0, 0, 0, 0, 0, 0, 0, 0, 0, 0, 0, 0, 0, 0, 0, 0, 0, 0, 0, 0, 0, 0, 0, 0, 0, 0, 0, 0, 0, 0, 0, 0, 0, 0, 0, 0, 0, 0, 0, 0, 0, 0, 0, 0, 0, 0, 0, 0, 0, 0",ok,,KEEP_RESULT_PROVENANCE
C\results\deep_models_seediv\M19_62ch_summary.csv,1.29 MB,45,17,"model_id, ch, seed, fold, test_sub, acc_a, f1_a, acc_b, f1_b, best_val_f1, elapsed, cm_a, cm_b, y_true_a, y_pred_a, y_true_b, y_pred_b","[{""model_id"":""M19"",""ch"":""62ch"",""seed"":1,""fold"":1,""test_sub"":1,""acc_a"":0.321,""f1_a"":0.316,""acc_b"":0.53,""f1_b"":0.5157,""best_val_f1"":1.0,""elapsed"":64.8,""cm_a"":""[[106, 152, 229, 191], [42, 225, 228, 188], [0, 285, 246, 84], [0, 100, 202, 227]]"",""cm_b"":""[[340, 194, 77, 61], [0, 512, 136, 27], [84, 55, 276, 198], [43, 181, 112, 189]]"",""y_true_a"":""[1, 1, 1, 1, 1, 1, 1, 1, 1, 1, 1, 1, 1, 1, 1, 1, 1, 1, 1, 1, 1, 1, 1, 1, 1, 1, 1, 1, 1, 1, 1, 1, 1, 1, 1, 1, 1, 1, 1, 1, 1, 1, 2, 2, 2, 2, 2, 2, 2, 2, 2, 2, 2, 2, 2, 2, 2, 2, 2, 2, 2, 2, 2, 2, 2, 3, 3, 3, 3, 3, 3, 3, 3, 3, 3, 3, 3, 3, 3, 3, 3, 3, 3, 3, 3, 3, 3, 3, 3, 3, 3, 3, 3, 3, 3, 3, 3, 3, 3, 3, 3, 3, 3, 3, 3, 3, 3, 3, 3, 3, 3, 3, 3, 3, 0, 0, 0, 0, 0, 0, 0, 0, 0, 0, 0, 0, 0, 0, 0, 0, 0, 0, 0, 0, 0, 0, 0, 0, 0, 0, 0, 0, 0, 0, 0, 0, 2, 2, 2, 2, 2, 2, 2, 2, 2, 2, 2, 2, 2, 2, 2, 2, 2, 2, 2, 2, 2, 2, 0, 0, 0, 0, 0, 0, 0, 0, 0, 0, 0, 0, 0, 0, 0, 0, 0, 0, 0, 0, 0, 0, 0, 0, 0, 0, 0, 0, 0, 0, 0, 0, 0, 0, 0, 0, 0, 0, 0, 0, 0, 0, 0, 0, 0, 0, 0, 0, 0, 0, 0,",ok,,KEEP_RESULT_PROVENANCE
C\checkpoints\all_model_weights\copy_manifest.csv,153.17 KB,858,3,"status, source, destination_or_note","[{""status"":""COPIED"",""source"":""C:\\Users\\Saif\\Desktop\\CSE400\\C\\checkpoints\\model_M11_ShallowMLP_s1_f01_best.pth"",""destination_or_note"":""C:\\Users\\Saif\\Desktop\\CSE400\\C\\checkpoints\\all_model_weights\\model_M11_ShallowMLP_s1_f01_best.pth""},{""status"":""COPIED"",""source"":""C:\\Users\\Saif\\Desktop\\CSE400\\C\\checkpoints\\model_M11_ShallowMLP_s1_f02_best.pth"",""destination_or_note"":""C:\\Users\\Saif\\Desktop\\CSE400\\C\\checkpoints\\all_model_weights\\model_M11_ShallowMLP_s1_f02_best.pth""},{""status"":""COPIED"",""source"":""C:\\Users\\Saif\\Desktop\\CSE400\\C\\checkpoints\\model_M11_ShallowMLP_s1_f03_best.pth"",""destination_or_note"":""C:\\Users\\Saif\\Desktop\\CSE400\\C\\checkpoints\\all_model_weights\\model_M11_ShallowMLP_s1_f03_best.pth""},{""status"":""COPIED"",""source"":""C:\\Users\\Saif\\Desktop\\CSE400\\C\\checkpoints\\model_M11_ShallowMLP_s1_f04_best.pth"",""destination_or_note"":""C:\\Users\\Saif\\Desktop\\CSE400\\C\\checkpoints\\all_model_weights\\model_M11_ShallowMLP_s1_f04_best.pth""},{""statu",ok,,REVIEW
C\results\deep_models\all_dl.csv,80.38 KB,900,8,"model, ch, seed, fold, acc_A, f1_A, acc_B, f1_B","[{""model"":""M11"",""ch"":""62ch"",""seed"":1,""fold"":1,""acc_A"":0.4195608782,""f1_A"":0.4109856157,""acc_B"":0.4173038229,""f1_B"":0.4178682278},{""model"":""M11"",""ch"":""6ch"",""seed"":1,""fold"":1,""acc_A"":0.4774451098,""f1_A"":0.47738337,""acc_B"":0.522334004,""f1_B"":0.5231702593},{""model"":""M12"",""ch"":""62ch"",""seed"":1,""fold"":1,""acc_A"":0.418762475,""f1_A"":0.4109173463,""acc_B"":0.3887323944,""f1_B"":0.3837071328},{""model"":""M12"",""ch"":""6ch"",""seed"":1,""fold"":1,""acc_A"":0.4459081836,""f1_A"":0.443537204,""acc_B"":0.3875251509,""f1_B"":0.3672293264},{""model"":""M13"",""ch"":""62ch"",""seed"":1,""fold"":1,""acc_A"":0.4159680639,""f1_A"":0.3986085078,""acc_B"":0.429778672,""f1_B"":0.4193231136}]",ok,,REVIEW
C\results\classical_ml\all_classical.csv,72.32 KB,810,8,"model, ch, seed, fold, acc_A, f1_A, acc_B, f1_B","[{""model"":""M01"",""ch"":""62ch"",""seed"":1,""fold"":1,""acc_A"":0.3169660679,""f1_A"":0.3163639258,""acc_B"":0.3169660679,""f1_B"":0.3163639258},{""model"":""M01"",""ch"":""62ch"",""seed"":1,""fold"":2,""acc_A"":0.4299401198,""f1_A"":0.4257716265,""acc_B"":0.4299401198,""f1_B"":0.4257716265},{""model"":""M01"",""ch"":""62ch"",""seed"":1,""fold"":3,""acc_A"":0.3337325349,""f1_A"":0.324465494,""acc_B"":0.3337325349,""f1_B"":0.324465494},{""model"":""M01"",""ch"":""62ch"",""seed"":1,""fold"":4,""acc_A"":0.5405189621,""f1_A"":0.5280004089,""acc_B"":0.5405189621,""f1_B"":0.5280004089},{""model"":""M01"",""ch"":""62ch"",""seed"":1,""fold"":5,""acc_A"":0.3820359281,""f1_A"":0.376524722,""acc_B"":0.3820359281,""f1_B"":0.376524722}]",ok,,KEEP_RESULT_PROVENANCE
C\results\ssl_semisl\all_ssl.csv,24.18 KB,270,8,"model, ch, seed, fold, acc_A, f1_A, acc_B, f1_B","[{""model"":""M21"",""ch"":""62ch"",""seed"":1,""fold"":1,""acc_A"":0.3357285429,""f1_A"":0.3161636888,""acc_B"":0.3299798793,""f1_B"":0.2801251262},{""model"":""M21"",""ch"":""6ch"",""seed"":1,""fold"":1,""acc_A"":0.3996007984,""f1_A"":0.3935019276,""acc_B"":0.4507042254,""f1_B"":0.4426123209},{""model"":""M23"",""ch"":""62ch"",""seed"":1,""fold"":1,""acc_A"":0.3021956088,""f1_A"":0.2942196781,""acc_B"":0.3050301811,""f1_B"":0.296860304},{""model"":""M23"",""ch"":""6ch"",""seed"":1,""fold"":1,""acc_A"":0.3576846307,""f1_A"":0.3390928647,""acc_B"":0.3561368209,""f1_B"":0.3384123219},{""model"":""M24"",""ch"":""62ch"",""seed"":1,""fold"":1,""acc_A"":0.3325349301,""f1_A"":0.3067019933,""acc_B"":0.3670020121,""f1_B"":0.351721595}]",ok,,REVIEW
C\results\loso\dance_loso.csv,8.37 KB,90,7,"model, seed, fold, acc_A, f1_A, acc_B, f1_B","[{""model"":""M25_teacher"",""seed"":1,""fold"":1,""acc_A"":0.5153692615,""f1_A"":0.5109233938,""acc_B"":0.4804828974,""f1_B"":0.4346398425},{""model"":""M26_student"",""seed"":1,""fold"":1,""acc_A"":0.4407185629,""f1_A"":0.4336416951,""acc_B"":0.4329979879,""f1_B"":0.3665086693},{""model"":""M25_teacher"",""seed"":1,""fold"":2,""acc_A"":0.4954091816,""f1_A"":0.4892532938,""acc_B"":0.6084507042,""f1_B"":0.5726025612},{""model"":""M26_student"",""seed"":1,""fold"":2,""acc_A"":0.4183632735,""f1_A"":0.3872176276,""acc_B"":0.4756539235,""f1_B"":0.3972062371},{""model"":""M25_teacher"",""seed"":1,""fold"":3,""acc_A"":0.3329341317,""f1_A"":0.3435868403,""acc_B"":0.400804829,""f1_B"":0.3334049566}]",ok,,KEEP_RESULT_PROVENANCE
C\results\final_audit\results_audit.csv,6.55 KB,113,3,"timestamp, level, message","[{""timestamp"":""18:19:36"",""level"":""INFO"",""message"":""Audit log initialized""},{""timestamp"":""18:19:36"",""level"":""INFO"",""message"":""Project root: C:\\Users\\Saif\\Desktop\\CSE400\\C""},{""timestamp"":""18:19:37"",""level"":""INFO"",""message"":""Checking source file existence...""},{""timestamp"":""18:19:37"",""level"":""INFO"",""message"":""\u2713 Found: classical_summary (results\\classical_ml\\classical_ml_summary.csv)""},{""timestamp"":""18:19:37"",""level"":""INFO"",""message"":""\u2713 Found: deep_master_summary (results\\deep_models_seediv\\deep_models_master_summary.csv)""}]",error,"ImportError(""Missing optional dependency 'tabulate'.  Use pip or conda to install tabulate."")",KEEP_RESULT_PROVENANCE
C\results\final_tables\table_5_2_deep_main.csv,4.94 KB,28,12,"model_id, name, ch, n_runs, acc_a_mean, acc_a_std, f1_a_mean, f1_a_std, acc_b_mean, acc_b_std, f1_b_mean, f1_b_std","[{""model_id"":""M11"",""name"":""Shallow MLP"",""ch"":""62ch"",""n_runs"":45,""acc_a_mean"":0.4764644444,""acc_a_std"":0.104228761,""f1_a_mean"":0.4738622222,""f1_a_std"":0.1044634762,""acc_b_mean"":0.4961066667,""acc_b_std"":0.0983447216,""f1_b_mean"":0.4929977778,""f1_b_std"":0.0984646025},{""model_id"":""M11"",""name"":""Shallow MLP"",""ch"":""6ch"",""n_runs"":45,""acc_a_mean"":0.4004466667,""acc_a_std"":0.0875449381,""f1_a_mean"":0.39292,""f1_a_std"":0.085909174,""acc_b_mean"":0.4118,""acc_b_std"":0.0869856284,""f1_b_mean"":0.4048933333,""f1_b_std"":0.0858800813},{""model_id"":""M12"",""name"":""Deep MLP"",""ch"":""62ch"",""n_runs"":45,""acc_a_mean"":0.4787355556,""acc_a_std"":0.1098406928,""f1_a_mean"":0.47626,""f1_a_std"":0.1096729278,""acc_b_mean"":0.49214,""acc_b_std"":0.1022750512,""f1_b_mean"":0.4887911111,""f1_b_std"":0.1015215155},{""model_id"":""M12"",""name"":""Deep MLP"",""ch"":""6ch"",""n_runs"":45,""acc_a_mean"":0.3977844444,""acc_a_std"":0.0843311787,""f1_a_mean"":0.3887933333,""f1_a_std"":0.0843632686,""acc_b_mean"":0.4005355556,""acc_b_std"":0.078570516,""f1_b_mean"":0.3955155556,",error,"ImportError(""Missing optional dependency 'tabulate'.  Use pip or conda to install tabulate."")",KEEP_RESULT_PROVENANCE
C\results\graph_former\M28_GraphStudent_SEED-IV_final.csv,4.60 KB,45,8,"acc_a, f1_a, acc_b, f1_b, seed, fold, test_subj, elapsed","[{""acc_a"":0.2249496982,""f1_a"":0.1670648403,""acc_b"":0.229778672,""f1_b"":0.2105870159,""seed"":21,""fold"":8,""test_subj"":9,""elapsed"":472.7348368168},{""acc_a"":0.3323943662,""f1_a"":0.2773077747,""acc_b"":0.2897384306,""f1_b"":0.2083788401,""seed"":21,""fold"":4,""test_subj"":5,""elapsed"":470.9742619991},{""acc_a"":0.2981891348,""f1_a"":0.2675144187,""acc_b"":0.3134808853,""f1_b"":0.2945640377,""seed"":1,""fold"":12,""test_subj"":13,""elapsed"":451.1004059315},{""acc_a"":0.246277666,""f1_a"":0.1700218279,""acc_b"":0.276056338,""f1_b"":0.2668065077,""seed"":7,""fold"":7,""test_subj"":8,""elapsed"":461.758867979},{""acc_a"":0.3070422535,""f1_a"":0.2421145771,""acc_b"":0.3207243461,""f1_b"":0.2389996057,""seed"":21,""fold"":11,""test_subj"":12,""elapsed"":464.375483036}]",ok,,KEEP_RESULT_PROVENANCE
C\results\graph_former\M28_student_loso_results.csv,4.60 KB,45,8,"acc_a, f1_a, acc_b, f1_b, seed, fold, test_subj, elapsed","[{""acc_a"":0.3428571429,""f1_a"":0.2816272655,""acc_b"":0.3134808853,""f1_b"":0.2232711171,""seed"":1,""fold"":0,""test_subj"":1,""elapsed"":453.9412920475},{""acc_a"":0.2398390342,""f1_a"":0.2165266434,""acc_b"":0.2579476861,""f1_b"":0.2003810814,""seed"":1,""fold"":1,""test_subj"":2,""elapsed"":456.6995735168},{""acc_a"":0.2728370221,""f1_a"":0.107176731,""acc_b"":0.2442655936,""f1_b"":0.1516277468,""seed"":1,""fold"":2,""test_subj"":3,""elapsed"":454.9696369171},{""acc_a"":0.2478873239,""f1_a"":0.2152835997,""acc_b"":0.2583501006,""f1_b"":0.2441100596,""seed"":1,""fold"":3,""test_subj"":4,""elapsed"":449.9401803017},{""acc_a"":0.2724346076,""f1_a"":0.1953962199,""acc_b"":0.3207243461,""f1_b"":0.2545365002,""seed"":1,""fold"":4,""test_subj"":5,""elapsed"":446.9447455406}]",ok,,KEEP_RESULT_PROVENANCE
C\results\graph_former\M27_EEGGraphFormer_SEED-IV_final.csv,4.59 KB,45,8,"acc_a, f1_a, acc_b, f1_b, seed, fold, test_subj, elapsed","[{""acc_a"":0.2808853119,""f1_a"":0.1542506044,""acc_b"":0.2511066398,""f1_b"":0.1525800067,""seed"":7,""fold"":5,""test_subj"":6,""elapsed"":2286.2647414207},{""acc_a"":0.3219315895,""f1_a"":0.252637001,""acc_b"":0.3034205231,""f1_b"":0.2270587361,""seed"":1,""fold"":0,""test_subj"":1,""elapsed"":2328.7231464386},{""acc_a"":0.2704225352,""f1_a"":0.1064301552,""acc_b"":0.2704225352,""f1_b"":0.1064301552,""seed"":21,""fold"":8,""test_subj"":9,""elapsed"":2282.6309177876},{""acc_a"":0.3002012072,""f1_a"":0.2761349647,""acc_b"":0.306639839,""f1_b"":0.2662092859,""seed"":21,""fold"":7,""test_subj"":8,""elapsed"":2385.5763056278},{""acc_a"":0.355331992,""f1_a"":0.2902014026,""acc_b"":0.3525150905,""f1_b"":0.2620250493,""seed"":21,""fold"":13,""test_subj"":14,""elapsed"":2393.7640051842}]",ok,,KEEP_RESULT_PROVENANCE
C\results\ablations\ablations.csv,3.99 KB,48,6,"ablation, seed, acc_A, f1_A, acc_B, f1_B","[{""ablation"":""A01"",""seed"":1,""acc_A"":0.3721889554,""f1_A"":0.3595576462,""acc_B"":0.5542588867,""f1_B"":0.557145434},{""ablation"":""A01"",""seed"":7,""acc_A"":0.3708582834,""f1_A"":0.3598881488,""acc_B"":0.514017438,""f1_B"":0.511238138},{""ablation"":""A01"",""seed"":21,""acc_A"":0.4339321357,""f1_A"":0.4208159377,""acc_B"":0.514017438,""f1_B"":0.5012745855},{""ablation"":""A02"",""seed"":1,""acc_A"":0.3723220226,""f1_A"":0.3623548894,""acc_B"":0.5083836351,""f1_B"":0.4990596223},{""ablation"":""A02"",""seed"":7,""acc_A"":0.3363938789,""f1_A"":0.3233423042,""acc_B"":0.4865191147,""f1_B"":0.482234888}]",ok,,KEEP_RESULT_PROVENANCE
C\results\ablations\ablations_recovery_progress.csv,3.99 KB,48,6,"ablation, seed, acc_A, f1_A, acc_B, f1_B","[{""ablation"":""A01"",""seed"":1,""acc_A"":0.3721889554,""f1_A"":0.3595576462,""acc_B"":0.5542588867,""f1_B"":0.557145434},{""ablation"":""A01"",""seed"":7,""acc_A"":0.3708582834,""f1_A"":0.3598881488,""acc_B"":0.514017438,""f1_B"":0.511238138},{""ablation"":""A01"",""seed"":21,""acc_A"":0.4339321357,""f1_A"":0.4208159377,""acc_B"":0.514017438,""f1_B"":0.5012745855},{""ablation"":""A02"",""seed"":1,""acc_A"":0.3723220226,""f1_A"":0.3623548894,""acc_B"":0.5083836351,""f1_B"":0.4990596223},{""ablation"":""A02"",""seed"":7,""acc_A"":0.3363938789,""f1_A"":0.3233423042,""acc_B"":0.4865191147,""f1_B"":0.482234888}]",ok,,KEEP_RESULT_PROVENANCE
C\results\ablations\ablations_before_recovery_backup.csv,2.75 KB,33,6,"ablation, seed, acc_A, f1_A, acc_B, f1_B","[{""ablation"":""A01"",""seed"":1,""acc_A"":0.3721889554,""f1_A"":0.3595576462,""acc_B"":0.5542588867,""f1_B"":0.557145434},{""ablation"":""A01"",""seed"":7,""acc_A"":0.3708582834,""f1_A"":0.3598881488,""acc_B"":0.514017438,""f1_B"":0.511238138},{""ablation"":""A01"",""seed"":21,""acc_A"":0.4339321357,""f1_A"":0.4208159377,""acc_B"":0.514017438,""f1_B"":0.5012745855},{""ablation"":""A04"",""seed"":1,""acc_A"":0.3580838323,""f1_A"":0.3509335287,""acc_B"":0.5671361502,""f1_B"":0.5662405},{""ablation"":""A04"",""seed"":7,""acc_A"":0.3688622754,""f1_A"":0.3529447466,""acc_B"":0.5311871227,""f1_B"":0.5281361295}]",ok,,KEEP_RESULT_PROVENANCE
C\results\ablations\ablations_partial_33rows.csv,2.75 KB,33,6,"ablation, seed, acc_A, f1_A, acc_B, f1_B","[{""ablation"":""A01"",""seed"":1,""acc_A"":0.3721889554,""f1_A"":0.3595576462,""acc_B"":0.5542588867,""f1_B"":0.557145434},{""ablation"":""A01"",""seed"":7,""acc_A"":0.3708582834,""f1_A"":0.3598881488,""acc_B"":0.514017438,""f1_B"":0.511238138},{""ablation"":""A01"",""seed"":21,""acc_A"":0.4339321357,""f1_A"":0.4208159377,""acc_B"":0.514017438,""f1_B"":0.5012745855},{""ablation"":""A04"",""seed"":1,""acc_A"":0.3580838323,""f1_A"":0.3509335287,""acc_B"":0.5671361502,""f1_B"":0.5662405},{""ablation"":""A04"",""seed"":7,""acc_A"":0.3688622754,""f1_A"":0.3529447466,""acc_B"":0.5311871227,""f1_B"":0.5281361295}]",ok,,KEEP_RESULT_PROVENANCE
C\results\ablations\ablations_partial_salvaged.csv,2.75 KB,33,6,"ablation, seed, acc_A, f1_A, acc_B, f1_B","[{""ablation"":""A01"",""seed"":1,""acc_A"":0.3721889554,""f1_A"":0.3595576462,""acc_B"":0.5542588867,""f1_B"":0.557145434},{""ablation"":""A01"",""seed"":7,""acc_A"":0.3708582834,""f1_A"":0.3598881488,""acc_B"":0.514017438,""f1_B"":0.511238138},{""ablation"":""A01"",""seed"":21,""acc_A"":0.4339321357,""f1_A"":0.4208159377,""acc_B"":0.514017438,""f1_B"":0.5012745855},{""ablation"":""A04"",""seed"":1,""acc_A"":0.3580838323,""f1_A"":0.3509335287,""acc_B"":0.5671361502,""f1_B"":0.5662405},{""ablation"":""A04"",""seed"":7,""acc_A"":0.3688622754,""f1_A"":0.3529447466,""acc_B"":0.5311871227,""f1_B"":0.5281361295}]",ok,,KEEP_RESULT_PROVENANCE
C\results\deep_models_seediv\M25_62ch_summary.csv,2.65 KB,45,11,"model_id, ch, seed, fold, test_sub, acc_a, f1_a, acc_b, f1_b, best_val_f1, elapsed","[{""model_id"":""M25"",""ch"":""62ch"",""seed"":1,""fold"":1,""test_sub"":1,""acc_a"":0.493,""f1_a"":0.4614,""acc_b"":0.4105,""f1_b"":0.3345,""best_val_f1"":0.604,""elapsed"":1667.7},{""model_id"":""M25"",""ch"":""62ch"",""seed"":1,""fold"":2,""test_sub"":2,""acc_a"":0.4399,""f1_a"":0.4354,""acc_b"":0.5811,""f1_b"":0.5223,""best_val_f1"":0.5756,""elapsed"":1826.1},{""model_id"":""M25"",""ch"":""62ch"",""seed"":1,""fold"":3,""test_sub"":3,""acc_a"":0.406,""f1_a"":0.3691,""acc_b"":0.4149,""f1_b"":0.4007,""best_val_f1"":0.6344,""elapsed"":2032.0},{""model_id"":""M25"",""ch"":""62ch"",""seed"":1,""fold"":4,""test_sub"":4,""acc_a"":0.4723,""f1_a"":0.4494,""acc_b"":0.5227,""f1_b"":0.4726,""best_val_f1"":0.6276,""elapsed"":2083.8},{""model_id"":""M25"",""ch"":""62ch"",""seed"":1,""fold"":5,""test_sub"":5,""acc_a"":0.299,""f1_a"":0.2906,""acc_b"":0.4507,""f1_b"":0.4175,""best_val_f1"":0.5938,""elapsed"":2012.8}]",ok,,KEEP_RESULT_PROVENANCE
C\results\deep_models_seediv\M22_62ch_summary.csv,2.61 KB,45,11,"model_id, ch, seed, fold, test_sub, acc_a, f1_a, acc_b, f1_b, best_val_f1, elapsed","[{""model_id"":""M22"",""ch"":""62ch"",""seed"":1,""fold"":1,""test_sub"":1,""acc_a"":0.3641,""f1_a"":0.3589,""acc_b"":0.5388,""f1_b"":0.5239,""best_val_f1"":0.5585,""elapsed"":234.2},{""model_id"":""M22"",""ch"":""62ch"",""seed"":1,""fold"":2,""test_sub"":2,""acc_a"":0.4998,""f1_a"":0.4962,""acc_b"":0.6873,""f1_b"":0.6768,""best_val_f1"":0.56,""elapsed"":231.1},{""model_id"":""M22"",""ch"":""62ch"",""seed"":1,""fold"":3,""test_sub"":3,""acc_a"":0.2954,""f1_a"":0.2939,""acc_b"":0.4588,""f1_b"":0.4422,""best_val_f1"":0.5821,""elapsed"":229.5},{""model_id"":""M22"",""ch"":""62ch"",""seed"":1,""fold"":4,""test_sub"":4,""acc_a"":0.4068,""f1_a"":0.3977,""acc_b"":0.6012,""f1_b"":0.5934,""best_val_f1"":0.5468,""elapsed"":230.7},{""model_id"":""M22"",""ch"":""62ch"",""seed"":1,""fold"":5,""test_sub"":5,""acc_a"":0.2962,""f1_a"":0.2284,""acc_b"":0.3775,""f1_b"":0.3173,""best_val_f1"":0.5725,""elapsed"":231.3}]",ok,,KEEP_RESULT_PROVENANCE
C\results\deep_models_seediv\M21_62ch_summary.csv,2.60 KB,45,11,"model_id, ch, seed, fold, test_sub, acc_a, f1_a, acc_b, f1_b, best_val_f1, elapsed","[{""model_id"":""M21"",""ch"":""62ch"",""seed"":1,""fold"":1,""test_sub"":1,""acc_a"":0.3756,""f1_a"":0.3742,""acc_b"":0.5505,""f1_b"":0.5404,""best_val_f1"":0.5228,""elapsed"":264.1},{""model_id"":""M21"",""ch"":""62ch"",""seed"":1,""fold"":2,""test_sub"":2,""acc_a"":0.4479,""f1_a"":0.4484,""acc_b"":0.6354,""f1_b"":0.6138,""best_val_f1"":0.5016,""elapsed"":258.9},{""model_id"":""M21"",""ch"":""62ch"",""seed"":1,""fold"":3,""test_sub"":3,""acc_a"":0.321,""f1_a"":0.2974,""acc_b"":0.5091,""f1_b"":0.4881,""best_val_f1"":0.5177,""elapsed"":267.2},{""model_id"":""M21"",""ch"":""62ch"",""seed"":1,""fold"":4,""test_sub"":4,""acc_a"":0.4699,""f1_a"":0.4641,""acc_b"":0.5972,""f1_b"":0.5895,""best_val_f1"":0.5195,""elapsed"":263.1},{""model_id"":""M21"",""ch"":""62ch"",""seed"":1,""fold"":5,""test_sub"":5,""acc_a"":0.4184,""f1_a"":0.4002,""acc_b"":0.4724,""f1_b"":0.4001,""best_val_f1"":0.5278,""elapsed"":269.8}]",ok,,KEEP_RESULT_PROVENANCE
C\results\deep_models_seediv\M24_6ch_summary.csv,2.56 KB,45,11,"model_id, ch, seed, fold, test_sub, acc_a, f1_a, acc_b, f1_b, best_val_f1, elapsed","[{""model_id"":""M24"",""ch"":""6ch"",""seed"":1,""fold"":1,""test_sub"":1,""acc_a"":0.3709,""f1_a"":0.3721,""acc_b"":0.408,""f1_b"":0.4054,""best_val_f1"":0.9966,""elapsed"":194.9},{""model_id"":""M24"",""ch"":""6ch"",""seed"":1,""fold"":2,""test_sub"":2,""acc_a"":0.3277,""f1_a"":0.2839,""acc_b"":0.3533,""f1_b"":0.3119,""best_val_f1"":0.9655,""elapsed"":150.2},{""model_id"":""M24"",""ch"":""6ch"",""seed"":1,""fold"":3,""test_sub"":3,""acc_a"":0.3182,""f1_a"":0.2603,""acc_b"":0.404,""f1_b"":0.3888,""best_val_f1"":0.9887,""elapsed"":177.2},{""model_id"":""M24"",""ch"":""6ch"",""seed"":1,""fold"":4,""test_sub"":4,""acc_a"":0.4431,""f1_a"":0.36,""acc_b"":0.4704,""f1_b"":0.4083,""best_val_f1"":0.9884,""elapsed"":148.7},{""model_id"":""M24"",""ch"":""6ch"",""seed"":1,""fold"":5,""test_sub"":5,""acc_a"":0.2547,""f1_a"":0.2242,""acc_b"":0.2744,""f1_b"":0.2554,""best_val_f1"":0.9835,""elapsed"":132.4}]",ok,,KEEP_RESULT_PROVENANCE
C\results\deep_models_seediv\M18_62ch_summary.csv,2.56 KB,45,11,"model_id, ch, seed, fold, test_sub, acc_a, f1_a, acc_b, f1_b, best_val_f1, elapsed","[{""model_id"":""M18"",""ch"":""62ch"",""seed"":1,""fold"":1,""test_sub"":1,""acc_a"":0.4878,""f1_a"":0.4737,""acc_b"":0.4877,""f1_b"":0.4737,""best_val_f1"":0.9994,""elapsed"":308.0},{""model_id"":""M18"",""ch"":""62ch"",""seed"":1,""fold"":2,""test_sub"":2,""acc_a"":0.5792,""f1_a"":0.582,""acc_b"":0.5843,""f1_b"":0.587,""best_val_f1"":1.0,""elapsed"":211.4},{""model_id"":""M18"",""ch"":""62ch"",""seed"":1,""fold"":3,""test_sub"":3,""acc_a"":0.4271,""f1_a"":0.4088,""acc_b"":0.4278,""f1_b"":0.4096,""best_val_f1"":1.0,""elapsed"":262.9},{""model_id"":""M18"",""ch"":""62ch"",""seed"":1,""fold"":4,""test_sub"":4,""acc_a"":0.5118,""f1_a"":0.498,""acc_b"":0.5091,""f1_b"":0.495,""best_val_f1"":0.9972,""elapsed"":359.6},{""model_id"":""M18"",""ch"":""62ch"",""seed"":1,""fold"":5,""test_sub"":5,""acc_a"":0.3633,""f1_a"":0.3205,""acc_b"":0.3638,""f1_b"":0.3212,""best_val_f1"":0.9997,""elapsed"":256.0}]",ok,,KEEP_RESULT_PROVENANCE
C\results\deep_models_seediv\M26_6ch_summary.csv,2.56 KB,45,11,"model_id, ch, seed, fold, test_sub, acc_a, f1_a, acc_b, f1_b, best_val_f1, elapsed","[{""model_id"":""M26"",""ch"":""6ch"",""seed"":1,""fold"":1,""test_sub"":1,""acc_a"":0.4703,""f1_a"":0.4504,""acc_b"":0.5171,""f1_b"":0.4722,""best_val_f1"":0.7208,""elapsed"":255.1},{""model_id"":""M26"",""ch"":""6ch"",""seed"":1,""fold"":2,""test_sub"":2,""acc_a"":0.4251,""f1_a"":0.4222,""acc_b"":0.6085,""f1_b"":0.5945,""best_val_f1"":0.694,""elapsed"":249.7},{""model_id"":""M26"",""ch"":""6ch"",""seed"":1,""fold"":3,""test_sub"":3,""acc_a"":0.305,""f1_a"":0.2886,""acc_b"":0.4181,""f1_b"":0.3791,""best_val_f1"":0.7299,""elapsed"":254.0},{""model_id"":""M26"",""ch"":""6ch"",""seed"":1,""fold"":4,""test_sub"":4,""acc_a"":0.481,""f1_a"":0.4785,""acc_b"":0.5332,""f1_b"":0.5286,""best_val_f1"":0.7256,""elapsed"":262.2},{""model_id"":""M26"",""ch"":""6ch"",""seed"":1,""fold"":5,""test_sub"":5,""acc_a"":0.3305,""f1_a"":0.2861,""acc_b"":0.567,""f1_b"":0.5625,""best_val_f1"":0.723,""elapsed"":266.6}]",ok,,KEEP_RESULT_PROVENANCE
C\results\deep_models_seediv\M16_62ch_summary.csv,2.48 KB,45,11,"model_id, ch, seed, fold, test_sub, acc_a, f1_a, acc_b, f1_b, best_val_f1, elapsed","[{""model_id"":""M16"",""ch"":""62ch"",""seed"":1,""fold"":1,""test_sub"":1,""acc_a"":0.4822,""f1_a"":0.4822,""acc_b"":0.4817,""f1_b"":0.4816,""best_val_f1"":1.0,""elapsed"":125.9},{""model_id"":""M16"",""ch"":""62ch"",""seed"":1,""fold"":2,""test_sub"":2,""acc_a"":0.4371,""f1_a"":0.4203,""acc_b"":0.4378,""f1_b"":0.4216,""best_val_f1"":1.0,""elapsed"":133.7},{""model_id"":""M16"",""ch"":""62ch"",""seed"":1,""fold"":3,""test_sub"":3,""acc_a"":0.2846,""f1_a"":0.2823,""acc_b"":0.2922,""f1_b"":0.2907,""best_val_f1"":1.0,""elapsed"":99.3},{""model_id"":""M16"",""ch"":""62ch"",""seed"":1,""fold"":4,""test_sub"":4,""acc_a"":0.4367,""f1_a"":0.4393,""acc_b"":0.4366,""f1_b"":0.4394,""best_val_f1"":1.0,""elapsed"":137.9},{""model_id"":""M16"",""ch"":""62ch"",""seed"":1,""fold"":5,""test_sub"":5,""acc_a"":0.3796,""f1_a"":0.3753,""acc_b"":0.3895,""f1_b"":0.3843,""best_val_f1"":1.0,""elapsed"":93.6}]",ok,,KEEP_RESULT_PROVENANCE
C\results\deep_models_seediv\M17_6ch_summary.csv,2.46 KB,45,11,"model_id, ch, seed, fold, test_sub, acc_a, f1_a, acc_b, f1_b, best_val_f1, elapsed","[{""model_id"":""M17"",""ch"":""6ch"",""seed"":1,""fold"":1,""test_sub"":1,""acc_a"":0.4315,""f1_a"":0.4225,""acc_b"":0.3968,""f1_b"":0.3874,""best_val_f1"":1.0,""elapsed"":199.8},{""model_id"":""M17"",""ch"":""6ch"",""seed"":1,""fold"":2,""test_sub"":2,""acc_a"":0.301,""f1_a"":0.2847,""acc_b"":0.3006,""f1_b"":0.2843,""best_val_f1"":1.0,""elapsed"":227.2},{""model_id"":""M17"",""ch"":""6ch"",""seed"":1,""fold"":3,""test_sub"":3,""acc_a"":0.2774,""f1_a"":0.2368,""acc_b"":0.2708,""f1_b"":0.247,""best_val_f1"":1.0,""elapsed"":215.5},{""model_id"":""M17"",""ch"":""6ch"",""seed"":1,""fold"":4,""test_sub"":4,""acc_a"":0.5198,""f1_a"":0.5111,""acc_b"":0.5227,""f1_b"":0.5138,""best_val_f1"":1.0,""elapsed"":186.0},{""model_id"":""M17"",""ch"":""6ch"",""seed"":1,""fold"":5,""test_sub"":5,""acc_a"":0.2395,""f1_a"":0.2145,""acc_b"":0.3352,""f1_b"":0.307,""best_val_f1"":1.0,""elapsed"":153.1}]",ok,,KEEP_RESULT_PROVENANCE
C\results\deep_models_seediv\M24_62ch_summary.csv,2.46 KB,45,11,"model_id, ch, seed, fold, test_sub, acc_a, f1_a, acc_b, f1_b, best_val_f1, elapsed","[{""model_id"":""M24"",""ch"":""62ch"",""seed"":1,""fold"":1,""test_sub"":1,""acc_a"":0.3441,""f1_a"":0.326,""acc_b"":0.5131,""f1_b"":0.4981,""best_val_f1"":1.0,""elapsed"":59.5},{""model_id"":""M24"",""ch"":""62ch"",""seed"":1,""fold"":2,""test_sub"":2,""acc_a"":0.2379,""f1_a"":0.2226,""acc_b"":0.5553,""f1_b"":0.5479,""best_val_f1"":1.0,""elapsed"":82.8},{""model_id"":""M24"",""ch"":""62ch"",""seed"":1,""fold"":3,""test_sub"":3,""acc_a"":0.222,""f1_a"":0.1502,""acc_b"":0.3219,""f1_b"":0.2683,""best_val_f1"":1.0,""elapsed"":70.9},{""model_id"":""M24"",""ch"":""62ch"",""seed"":1,""fold"":4,""test_sub"":4,""acc_a"":0.3142,""f1_a"":0.2066,""acc_b"":0.4809,""f1_b"":0.4734,""best_val_f1"":1.0,""elapsed"":87.5},{""model_id"":""M24"",""ch"":""62ch"",""seed"":1,""fold"":5,""test_sub"":5,""acc_a"":0.3158,""f1_a"":0.303,""acc_b"":0.4402,""f1_b"":0.3789,""best_val_f1"":1.0,""elapsed"":55.1}]",ok,,KEEP_RESULT_PROVENANCE
C\results\deep_models_seediv\M17_62ch_summary.csv,2.44 KB,45,11,"model_id, ch, seed, fold, test_sub, acc_a, f1_a, acc_b, f1_b, best_val_f1, elapsed","[{""model_id"":""M17"",""ch"":""62ch"",""seed"":1,""fold"":1,""test_sub"":1,""acc_a"":0.2934,""f1_a"":0.2911,""acc_b"":0.3252,""f1_b"":0.321,""best_val_f1"":1.0,""elapsed"":97.6},{""model_id"":""M17"",""ch"":""62ch"",""seed"":1,""fold"":2,""test_sub"":2,""acc_a"":0.4607,""f1_a"":0.4496,""acc_b"":0.4825,""f1_b"":0.4802,""best_val_f1"":1.0,""elapsed"":110.5},{""model_id"":""M17"",""ch"":""62ch"",""seed"":1,""fold"":3,""test_sub"":3,""acc_a"":0.323,""f1_a"":0.2996,""acc_b"":0.3203,""f1_b"":0.2999,""best_val_f1"":1.0,""elapsed"":135.2},{""model_id"":""M17"",""ch"":""62ch"",""seed"":1,""fold"":4,""test_sub"":4,""acc_a"":0.6411,""f1_a"":0.6404,""acc_b"":0.6435,""f1_b"":0.6391,""best_val_f1"":1.0,""elapsed"":102.7},{""model_id"":""M17"",""ch"":""62ch"",""seed"":1,""fold"":5,""test_sub"":5,""acc_a"":0.3202,""f1_a"":0.2939,""acc_b"":0.3433,""f1_b"":0.3479,""best_val_f1"":1.0,""elapsed"":96.6}]",ok,,KEEP_RESULT_PROVENANCE
C\results\deep_models_seediv\M18_6ch_summary.csv,2.44 KB,45,11,"model_id, ch, seed, fold, test_sub, acc_a, f1_a, acc_b, f1_b, best_val_f1, elapsed","[{""model_id"":""M18"",""ch"":""6ch"",""seed"":1,""fold"":1,""test_sub"":1,""acc_a"":0.4283,""f1_a"":0.4186,""acc_b"":0.4302,""f1_b"":0.4214,""best_val_f1"":1.0,""elapsed"":198.1},{""model_id"":""M18"",""ch"":""6ch"",""seed"":1,""fold"":2,""test_sub"":2,""acc_a"":0.3693,""f1_a"":0.3668,""acc_b"":0.3924,""f1_b"":0.3914,""best_val_f1"":1.0,""elapsed"":293.2},{""model_id"":""M18"",""ch"":""6ch"",""seed"":1,""fold"":3,""test_sub"":3,""acc_a"":0.3246,""f1_a"":0.3242,""acc_b"":0.326,""f1_b"":0.3257,""best_val_f1"":1.0,""elapsed"":250.5},{""model_id"":""M18"",""ch"":""6ch"",""seed"":1,""fold"":4,""test_sub"":4,""acc_a"":0.4687,""f1_a"":0.4566,""acc_b"":0.4849,""f1_b"":0.4761,""best_val_f1"":1.0,""elapsed"":205.7},{""model_id"":""M18"",""ch"":""6ch"",""seed"":1,""fold"":5,""test_sub"":5,""acc_a"":0.3717,""f1_a"":0.3527,""acc_b"":0.3851,""f1_b"":0.3656,""best_val_f1"":1.0,""elapsed"":179.4}]",ok,,KEEP_RESULT_PROVENANCE
C\results\deep_models_seediv\M13_62ch_summary.csv,2.43 KB,45,11,"model_id, ch, seed, fold, test_sub, acc_a, f1_a, acc_b, f1_b, best_val_f1, elapsed","[{""model_id"":""M13"",""ch"":""62ch"",""seed"":1,""fold"":1,""test_sub"":1,""acc_a"":0.3265,""f1_a"":0.3359,""acc_b"":0.3272,""f1_b"":0.336,""best_val_f1"":1.0,""elapsed"":50.4},{""model_id"":""M13"",""ch"":""62ch"",""seed"":1,""fold"":2,""test_sub"":2,""acc_a"":0.5645,""f1_a"":0.5675,""acc_b"":0.5678,""f1_b"":0.5706,""best_val_f1"":1.0,""elapsed"":52.3},{""model_id"":""M13"",""ch"":""62ch"",""seed"":1,""fold"":3,""test_sub"":3,""acc_a"":0.3218,""f1_a"":0.2874,""acc_b"":0.3199,""f1_b"":0.285,""best_val_f1"":1.0,""elapsed"":49.4},{""model_id"":""M13"",""ch"":""62ch"",""seed"":1,""fold"":4,""test_sub"":4,""acc_a"":0.4683,""f1_a"":0.4675,""acc_b"":0.472,""f1_b"":0.4712,""best_val_f1"":1.0,""elapsed"":49.2},{""model_id"":""M13"",""ch"":""62ch"",""seed"":1,""fold"":5,""test_sub"":5,""acc_a"":0.3537,""f1_a"":0.3067,""acc_b"":0.3815,""f1_b"":0.3453,""best_val_f1"":1.0,""elapsed"":29.3}]",ok,,KEEP_RESULT_PROVENANCE
C\results\deep_models_seediv\M11_62ch_summary.csv,2.43 KB,45,11,"model_id, ch, seed, fold, test_sub, acc_a, f1_a, acc_b, f1_b, best_val_f1, elapsed","[{""model_id"":""M11"",""ch"":""62ch"",""seed"":1,""fold"":1,""test_sub"":1,""acc_a"":0.3812,""f1_a"":0.3866,""acc_b"":0.4294,""f1_b"":0.4334,""best_val_f1"":1.0,""elapsed"":29.3},{""model_id"":""M11"",""ch"":""62ch"",""seed"":1,""fold"":2,""test_sub"":2,""acc_a"":0.5425,""f1_a"":0.5442,""acc_b"":0.5412,""f1_b"":0.544,""best_val_f1"":1.0,""elapsed"":30.9},{""model_id"":""M11"",""ch"":""62ch"",""seed"":1,""fold"":3,""test_sub"":3,""acc_a"":0.4443,""f1_a"":0.4382,""acc_b"":0.4873,""f1_b"":0.4777,""best_val_f1"":1.0,""elapsed"":22.9},{""model_id"":""M11"",""ch"":""62ch"",""seed"":1,""fold"":4,""test_sub"":4,""acc_a"":0.5349,""f1_a"":0.5285,""acc_b"":0.5658,""f1_b"":0.5614,""best_val_f1"":1.0,""elapsed"":29.6},{""model_id"":""M11"",""ch"":""62ch"",""seed"":1,""fold"":5,""test_sub"":5,""acc_a"":0.4535,""f1_a"":0.4253,""acc_b"":0.4801,""f1_b"":0.4731,""best_val_f1"":1.0,""elapsed"":20.4}]",ok,,KEEP_RESULT_PROVENANCE
C\results\deep_models_seediv\M14_62ch_summary.csv,2.43 KB,45,11,"model_id, ch, seed, fold, test_sub, acc_a, f1_a, acc_b, f1_b, best_val_f1, elapsed","[{""model_id"":""M14"",""ch"":""62ch"",""seed"":1,""fold"":1,""test_sub"":1,""acc_a"":0.3621,""f1_a"":0.3604,""acc_b"":0.3642,""f1_b"":0.3626,""best_val_f1"":1.0,""elapsed"":41.9},{""model_id"":""M14"",""ch"":""62ch"",""seed"":1,""fold"":2,""test_sub"":2,""acc_a"":0.5892,""f1_a"":0.5832,""acc_b"":0.6016,""f1_b"":0.5999,""best_val_f1"":1.0,""elapsed"":49.8},{""model_id"":""M14"",""ch"":""62ch"",""seed"":1,""fold"":3,""test_sub"":3,""acc_a"":0.3365,""f1_a"":0.2973,""acc_b"":0.3368,""f1_b"":0.2978,""best_val_f1"":1.0,""elapsed"":51.2},{""model_id"":""M14"",""ch"":""62ch"",""seed"":1,""fold"":4,""test_sub"":4,""acc_a"":0.4311,""f1_a"":0.4414,""acc_b"":0.4398,""f1_b"":0.4496,""best_val_f1"":1.0,""elapsed"":45.7},{""model_id"":""M14"",""ch"":""62ch"",""seed"":1,""fold"":5,""test_sub"":5,""acc_a"":0.3549,""f1_a"":0.319,""acc_b"":0.3606,""f1_b"":0.3277,""best_val_f1"":1.0,""elapsed"":39.7}]",ok,,KEEP_RESULT_PROVENANCE
C\results\deep_models_seediv\M15_62ch_summary.csv,2.43 KB,45,11,"model_id, ch, seed, fold, test_sub, acc_a, f1_a, acc_b, f1_b, best_val_f1, elapsed","[{""model_id"":""M15"",""ch"":""62ch"",""seed"":1,""fold"":1,""test_sub"":1,""acc_a"":0.2882,""f1_a"":0.2877,""acc_b"":0.2966,""f1_b"":0.2977,""best_val_f1"":1.0,""elapsed"":40.2},{""model_id"":""M15"",""ch"":""62ch"",""seed"":1,""fold"":2,""test_sub"":2,""acc_a"":0.4735,""f1_a"":0.4496,""acc_b"":0.4612,""f1_b"":0.4561,""best_val_f1"":1.0,""elapsed"":37.5},{""model_id"":""M15"",""ch"":""62ch"",""seed"":1,""fold"":3,""test_sub"":3,""acc_a"":0.3006,""f1_a"":0.2838,""acc_b"":0.326,""f1_b"":0.3092,""best_val_f1"":1.0,""elapsed"":41.7},{""model_id"":""M15"",""ch"":""62ch"",""seed"":1,""fold"":4,""test_sub"":4,""acc_a"":0.5529,""f1_a"":0.5309,""acc_b"":0.5573,""f1_b"":0.5371,""best_val_f1"":1.0,""elapsed"":40.1},{""model_id"":""M15"",""ch"":""62ch"",""seed"":1,""fold"":5,""test_sub"":5,""acc_a"":0.315,""f1_a"":0.2806,""acc_b"":0.3328,""f1_b"":0.3136,""best_val_f1"":1.0,""elapsed"":36.8}]",ok,,KEEP_RESULT_PROVENANCE
C\results\deep_models_seediv\M12_62ch_summary.csv,2.43 KB,45,11,"model_id, ch, seed, fold, test_sub, acc_a, f1_a, acc_b, f1_b, best_val_f1, elapsed","[{""model_id"":""M12"",""ch"":""62ch"",""seed"":1,""fold"":1,""test_sub"":1,""acc_a"":0.42,""f1_a"":0.4272,""acc_b"":0.4841,""f1_b"":0.4891,""best_val_f1"":1.0,""elapsed"":32.1},{""model_id"":""M12"",""ch"":""62ch"",""seed"":1,""fold"":2,""test_sub"":2,""acc_a"":0.5557,""f1_a"":0.5713,""acc_b"":0.5722,""f1_b"":0.5832,""best_val_f1"":1.0,""elapsed"":29.5},{""model_id"":""M12"",""ch"":""62ch"",""seed"":1,""fold"":3,""test_sub"":3,""acc_a"":0.4495,""f1_a"":0.4386,""acc_b"":0.4386,""f1_b"":0.4385,""best_val_f1"":1.0,""elapsed"":38.0},{""model_id"":""M12"",""ch"":""62ch"",""seed"":1,""fold"":4,""test_sub"":4,""acc_a"":0.5513,""f1_a"":0.5361,""acc_b"":0.5272,""f1_b"":0.5157,""best_val_f1"":1.0,""elapsed"":27.3},{""model_id"":""M12"",""ch"":""62ch"",""seed"":1,""fold"":5,""test_sub"":5,""acc_a"":0.4415,""f1_a"":0.4121,""acc_b"":0.4825,""f1_b"":0.474,""best_val_f1"":1.0,""elapsed"":29.7}]",ok,,KEEP_RESULT_PROVENANCE
C\results\deep_models_seediv\M16_6ch_summary.csv,2.43 KB,45,11,"model_id, ch, seed, fold, test_sub, acc_a, f1_a, acc_b, f1_b, best_val_f1, elapsed","[{""model_id"":""M16"",""ch"":""6ch"",""seed"":1,""fold"":1,""test_sub"":1,""acc_a"":0.3705,""f1_a"":0.3498,""acc_b"":0.3674,""f1_b"":0.3477,""best_val_f1"":1.0,""elapsed"":130.1},{""model_id"":""M16"",""ch"":""6ch"",""seed"":1,""fold"":2,""test_sub"":2,""acc_a"":0.4363,""f1_a"":0.4366,""acc_b"":0.4435,""f1_b"":0.4452,""best_val_f1"":1.0,""elapsed"":105.7},{""model_id"":""M16"",""ch"":""6ch"",""seed"":1,""fold"":3,""test_sub"":3,""acc_a"":0.285,""f1_a"":0.2537,""acc_b"":0.2833,""f1_b"":0.252,""best_val_f1"":1.0,""elapsed"":129.6},{""model_id"":""M16"",""ch"":""6ch"",""seed"":1,""fold"":4,""test_sub"":4,""acc_a"":0.4842,""f1_a"":0.4861,""acc_b"":0.4913,""f1_b"":0.4929,""best_val_f1"":1.0,""elapsed"":116.1},{""model_id"":""M16"",""ch"":""6ch"",""seed"":1,""fold"":5,""test_sub"":5,""acc_a"":0.3593,""f1_a"":0.3429,""acc_b"":0.3626,""f1_b"":0.3459,""best_val_f1"":1.0,""elapsed"":105.4}]",ok,,KEEP_RESULT_PROVENANCE
C\results\deep_models_seediv\M11_6ch_summary.csv,2.39 KB,45,11,"model_id, ch, seed, fold, test_sub, acc_a, f1_a, acc_b, f1_b, best_val_f1, elapsed","[{""model_id"":""M11"",""ch"":""6ch"",""seed"":1,""fold"":1,""test_sub"":1,""acc_a"":0.4579,""f1_a"":0.4519,""acc_b"":0.4579,""f1_b"":0.4433,""best_val_f1"":1.0,""elapsed"":33.6},{""model_id"":""M11"",""ch"":""6ch"",""seed"":1,""fold"":2,""test_sub"":2,""acc_a"":0.3309,""f1_a"":0.3173,""acc_b"":0.3505,""f1_b"":0.3393,""best_val_f1"":1.0,""elapsed"":37.6},{""model_id"":""M11"",""ch"":""6ch"",""seed"":1,""fold"":3,""test_sub"":3,""acc_a"":0.3026,""f1_a"":0.3015,""acc_b"":0.3501,""f1_b"":0.3437,""best_val_f1"":1.0,""elapsed"":30.8},{""model_id"":""M11"",""ch"":""6ch"",""seed"":1,""fold"":4,""test_sub"":4,""acc_a"":0.4591,""f1_a"":0.4642,""acc_b"":0.4926,""f1_b"":0.496,""best_val_f1"":1.0,""elapsed"":33.7},{""model_id"":""M11"",""ch"":""6ch"",""seed"":1,""fold"":5,""test_sub"":5,""acc_a"":0.3277,""f1_a"":0.3163,""acc_b"":0.3875,""f1_b"":0.3584,""best_val_f1"":1.0,""elapsed"":25.3}]",ok,,KEEP_RESULT_PROVENANCE
C\results\deep_models_seediv\M13_6ch_summary.csv,2.39 KB,45,11,"model_id, ch, seed, fold, test_sub, acc_a, f1_a, acc_b, f1_b, best_val_f1, elapsed","[{""model_id"":""M13"",""ch"":""6ch"",""seed"":1,""fold"":1,""test_sub"":1,""acc_a"":0.3701,""f1_a"":0.3648,""acc_b"":0.3783,""f1_b"":0.3739,""best_val_f1"":1.0,""elapsed"":214.2},{""model_id"":""M13"",""ch"":""6ch"",""seed"":1,""fold"":2,""test_sub"":2,""acc_a"":0.3816,""f1_a"":0.3819,""acc_b"":0.3827,""f1_b"":0.3832,""best_val_f1"":1.0,""elapsed"":205.6},{""model_id"":""M13"",""ch"":""6ch"",""seed"":1,""fold"":3,""test_sub"":3,""acc_a"":0.2946,""f1_a"":0.3013,""acc_b"":0.2958,""f1_b"":0.3026,""best_val_f1"":1.0,""elapsed"":138.7},{""model_id"":""M13"",""ch"":""6ch"",""seed"":1,""fold"":4,""test_sub"":4,""acc_a"":0.4248,""f1_a"":0.4214,""acc_b"":0.4197,""f1_b"":0.4169,""best_val_f1"":1.0,""elapsed"":499.6},{""model_id"":""M13"",""ch"":""6ch"",""seed"":1,""fold"":5,""test_sub"":5,""acc_a"":0.3585,""f1_a"":0.3417,""acc_b"":0.3646,""f1_b"":0.3462,""best_val_f1"":1.0,""elapsed"":496.3}]",ok,,KEEP_RESULT_PROVENANCE
C\results\deep_models_seediv\M14_6ch_summary.csv,2.39 KB,45,11,"model_id, ch, seed, fold, test_sub, acc_a, f1_a, acc_b, f1_b, best_val_f1, elapsed","[{""model_id"":""M14"",""ch"":""6ch"",""seed"":1,""fold"":1,""test_sub"":1,""acc_a"":0.3645,""f1_a"":0.3594,""acc_b"":0.3654,""f1_b"":0.3602,""best_val_f1"":1.0,""elapsed"":35.2},{""model_id"":""M14"",""ch"":""6ch"",""seed"":1,""fold"":2,""test_sub"":2,""acc_a"":0.3214,""f1_a"":0.2903,""acc_b"":0.3268,""f1_b"":0.2963,""best_val_f1"":1.0,""elapsed"":35.5},{""model_id"":""M14"",""ch"":""6ch"",""seed"":1,""fold"":3,""test_sub"":3,""acc_a"":0.2319,""f1_a"":0.2222,""acc_b"":0.2318,""f1_b"":0.219,""best_val_f1"":1.0,""elapsed"":33.3},{""model_id"":""M14"",""ch"":""6ch"",""seed"":1,""fold"":4,""test_sub"":4,""acc_a"":0.5174,""f1_a"":0.5159,""acc_b"":0.5179,""f1_b"":0.5163,""best_val_f1"":1.0,""elapsed"":35.7},{""model_id"":""M14"",""ch"":""6ch"",""seed"":1,""fold"":5,""test_sub"":5,""acc_a"":0.3856,""f1_a"":0.3476,""acc_b"":0.3903,""f1_b"":0.3544,""best_val_f1"":1.0,""elapsed"":31.2}]",ok,,KEEP_RESULT_PROVENANCE
C\results\deep_models_seediv\M12_6ch_summary.csv,2.39 KB,45,11,"model_id, ch, seed, fold, test_sub, acc_a, f1_a, acc_b, f1_b, best_val_f1, elapsed","[{""model_id"":""M12"",""ch"":""6ch"",""seed"":1,""fold"":1,""test_sub"":1,""acc_a"":0.491,""f1_a"":0.4837,""acc_b"":0.5183,""f1_b"":0.5149,""best_val_f1"":1.0,""elapsed"":27.3},{""model_id"":""M12"",""ch"":""6ch"",""seed"":1,""fold"":2,""test_sub"":2,""acc_a"":0.3361,""f1_a"":0.3159,""acc_b"":0.3296,""f1_b"":0.3236,""best_val_f1"":1.0,""elapsed"":28.4},{""model_id"":""M12"",""ch"":""6ch"",""seed"":1,""fold"":3,""test_sub"":3,""acc_a"":0.3557,""f1_a"":0.3242,""acc_b"":0.3199,""f1_b"":0.3126,""best_val_f1"":1.0,""elapsed"":22.1},{""model_id"":""M12"",""ch"":""6ch"",""seed"":1,""fold"":4,""test_sub"":4,""acc_a"":0.5409,""f1_a"":0.5345,""acc_b"":0.5352,""f1_b"":0.5248,""best_val_f1"":1.0,""elapsed"":25.1},{""model_id"":""M12"",""ch"":""6ch"",""seed"":1,""fold"":5,""test_sub"":5,""acc_a"":0.3162,""f1_a"":0.3037,""acc_b"":0.3231,""f1_b"":0.3008,""best_val_f1"":1.0,""elapsed"":20.5}]",ok,,KEEP_RESULT_PROVENANCE
C\results\deep_models_seediv\M15_6ch_summary.csv,2.38 KB,45,11,"model_id, ch, seed, fold, test_sub, acc_a, f1_a, acc_b, f1_b, best_val_f1, elapsed","[{""model_id"":""M15"",""ch"":""6ch"",""seed"":1,""fold"":1,""test_sub"":1,""acc_a"":0.4822,""f1_a"":0.4921,""acc_b"":0.4877,""f1_b"":0.4953,""best_val_f1"":1.0,""elapsed"":38.6},{""model_id"":""M15"",""ch"":""6ch"",""seed"":1,""fold"":2,""test_sub"":2,""acc_a"":0.3569,""f1_a"":0.3243,""acc_b"":0.3573,""f1_b"":0.3548,""best_val_f1"":1.0,""elapsed"":42.8},{""model_id"":""M15"",""ch"":""6ch"",""seed"":1,""fold"":3,""test_sub"":3,""acc_a"":0.3481,""f1_a"":0.3348,""acc_b"":0.3445,""f1_b"":0.3386,""best_val_f1"":1.0,""elapsed"":41.0},{""model_id"":""M15"",""ch"":""6ch"",""seed"":1,""fold"":4,""test_sub"":4,""acc_a"":0.4842,""f1_a"":0.452,""acc_b"":0.4793,""f1_b"":0.4576,""best_val_f1"":1.0,""elapsed"":41.2},{""model_id"":""M15"",""ch"":""6ch"",""seed"":1,""fold"":5,""test_sub"":5,""acc_a"":0.3365,""f1_a"":0.2907,""acc_b"":0.3606,""f1_b"":0.3257,""best_val_f1"":1.0,""elapsed"":36.6}]",ok,,KEEP_RESULT_PROVENANCE
C\results\deep_models_seediv\deep_models_master_summary.csv,2.08 KB,30,11,"model_id, ch, n_runs, acc_a_mean, acc_a_std, f1_a_mean, f1_a_std, acc_b_mean, acc_b_std, f1_b_mean, f1_b_std","[{""model_id"":""M11"",""ch"":""62ch"",""n_runs"":45,""acc_a_mean"":0.4765,""acc_a_std"":0.1042,""f1_a_mean"":0.4739,""f1_a_std"":0.1045,""acc_b_mean"":0.4961,""acc_b_std"":0.0983,""f1_b_mean"":0.493,""f1_b_std"":0.0985},{""model_id"":""M11"",""ch"":""6ch"",""n_runs"":45,""acc_a_mean"":0.4004,""acc_a_std"":0.0875,""f1_a_mean"":0.3929,""f1_a_std"":0.0859,""acc_b_mean"":0.4118,""acc_b_std"":0.087,""f1_b_mean"":0.4049,""f1_b_std"":0.0859},{""model_id"":""M12"",""ch"":""62ch"",""n_runs"":45,""acc_a_mean"":0.4787,""acc_a_std"":0.1098,""f1_a_mean"":0.4763,""f1_a_std"":0.1097,""acc_b_mean"":0.4921,""acc_b_std"":0.1023,""f1_b_mean"":0.4888,""f1_b_std"":0.1015},{""model_id"":""M12"",""ch"":""6ch"",""n_runs"":45,""acc_a_mean"":0.3978,""acc_a_std"":0.0843,""f1_a_mean"":0.3888,""f1_a_std"":0.0844,""acc_b_mean"":0.4005,""acc_b_std"":0.0786,""f1_b_mean"":0.3955,""f1_b_std"":0.0789},{""model_id"":""M13"",""ch"":""62ch"",""n_runs"":45,""acc_a_mean"":0.4298,""acc_a_std"":0.1174,""f1_a_mean"":0.4197,""f1_a_std"":0.128,""acc_b_mean"":0.4312,""acc_b_std"":0.1179,""f1_b_mean"":0.4213,""f1_b_std"":0.1284}]",ok,,KEEP_RESULT_PROVENANCE
C\results\classical_ml\classical_ml_summary.csv,1.88 KB,20,14,"Model, Name, Channels, F1_mean, F1_std, Acc_mean, Acc_std, F1_Neutral, F1_Sad, F1_Fear, F1_Happy, PhaseB_ref_F1, Delta_vs_PhaseB, N_runs","[{""Model"":""M01"",""Name"":""LDA"",""Channels"":""62ch"",""F1_mean"":0.4047,""F1_std"":0.1063,""Acc_mean"":0.4081,""Acc_std"":0.1074,""F1_Neutral"":0.4633,""F1_Sad"":0.3976,""F1_Fear"":0.3581,""F1_Happy"":0.3998,""PhaseB_ref_F1"":0.4182,""Delta_vs_PhaseB"":-0.0135,""N_runs"":45},{""Model"":""M01"",""Name"":""LDA"",""Channels"":""6ch"",""F1_mean"":0.4345,""F1_std"":0.1095,""Acc_mean"":0.4408,""Acc_std"":0.1078,""F1_Neutral"":0.5123,""F1_Sad"":0.4218,""F1_Fear"":0.3288,""F1_Happy"":0.4752,""PhaseB_ref_F1"":0.417,""Delta_vs_PhaseB"":0.0175,""N_runs"":45},{""Model"":""M02"",""Name"":""SVM"",""Channels"":""62ch"",""F1_mean"":0.4763,""F1_std"":0.0959,""Acc_mean"":0.4811,""Acc_std"":0.0961,""F1_Neutral"":0.5617,""F1_Sad"":0.4841,""F1_Fear"":0.3907,""F1_Happy"":0.4687,""PhaseB_ref_F1"":0.4472,""Delta_vs_PhaseB"":0.0291,""N_runs"":45},{""Model"":""M02"",""Name"":""SVM"",""Channels"":""6ch"",""F1_mean"":0.352,""F1_std"":0.0718,""Acc_mean"":0.3653,""Acc_std"":0.0722,""F1_Neutral"":0.389,""F1_Sad"":0.3598,""F1_Fear"":0.2689,""F1_Happy"":0.3904,""PhaseB_ref_F1"":0.4077,""Delta_vs_PhaseB"":-0.0557,""N_runs"":45},{""Model"":""M03"",""Na",ok,,KEEP_RESULT_PROVENANCE
C\results\ablations\ablations_partial_summary.csv,1.84 KB,11,9,"ablation, acc_A_mean, acc_A_std, f1_A_mean, f1_A_std, acc_B_mean, acc_B_std, f1_B_mean, f1_B_std","[{""ablation"":""A06"",""acc_A_mean"":0.3540474606,""acc_A_std"":0.0126058494,""f1_A_mean"":0.346940134,""f1_A_std"":0.0072888721,""acc_B_mean"":0.5340487369,""acc_B_std"":0.0237683336,""f1_B_mean"":0.5306885496,""f1_B_std"":0.0243740255},{""ablation"":""A10"",""acc_A_mean"":0.3932135729,""acc_A_std"":0.0146476707,""f1_A_mean"":0.3737294752,""f1_A_std"":0.0129460619,""acc_B_mean"":0.5307399955,""acc_B_std"":0.0332966298,""f1_B_mean"":0.5249444782,""f1_B_std"":0.034304947},{""ablation"":""A04"",""acc_A_mean"":0.3615879352,""acc_A_std"":0.0063011686,""f1_A_mean"":0.354178904,""f1_A_std"":0.0040076064,""acc_B_mean"":0.5295774648,""acc_B_std"":0.0383888329,""f1_B_mean"":0.5289541021,""f1_B_std"":0.0368842147},{""ablation"":""A13"",""acc_A_mean"":0.3615879352,""acc_A_std"":0.0063011686,""f1_A_mean"":0.354178904,""f1_A_std"":0.0040076064,""acc_B_mean"":0.5295774648,""acc_B_std"":0.0383888329,""f1_B_mean"":0.5289541021,""f1_B_std"":0.0368842147},{""ablation"":""A08"",""acc_A_mean"":0.3615879352,""acc_A_std"":0.0063011686,""f1_A_mean"":0.354178904,""f1_A_std"":0.0040076064,""acc_B_mea",ok,,KEEP_RESULT_PROVENANCE
C\results\final_tables\table_5_6_channel_efficiency.csv,1.82 KB,25,7,"model_id, name, primary_62, primary_6, retention_primary, family, paired_distillation","[{""model_id"":""M01"",""name"":""LDA"",""primary_62"":0.4047,""primary_6"":0.4345,""retention_primary"":1.0736347912,""family"":""classical"",""paired_distillation"":null},{""model_id"":""M02"",""name"":""SVM (RBF)"",""primary_62"":0.4763,""primary_6"":0.352,""retention_primary"":0.7390300231,""family"":""classical"",""paired_distillation"":null},{""model_id"":""M03"",""name"":""Random Forest"",""primary_62"":0.4648,""primary_6"":0.4039,""retention_primary"":0.8689759036,""family"":""classical"",""paired_distillation"":null},{""model_id"":""M04"",""name"":""k-NN"",""primary_62"":0.3408,""primary_6"":0.304,""retention_primary"":0.8920187793,""family"":""classical"",""paired_distillation"":null},{""model_id"":""M05"",""name"":""Logistic Regression"",""primary_62"":0.4148,""primary_6"":0.4257,""retention_primary"":1.0262777242,""family"":""classical"",""paired_distillation"":null}]",error,"ImportError(""Missing optional dependency 'tabulate'.  Use pip or conda to install tabulate."")",KEEP_RESULT_PROVENANCE
C\results\final_tables\table_5_5_proto_gain.csv,1.80 KB,30,5,"model_id, name, ch, delta_acc, delta_f1","[{""model_id"":""M11"",""name"":""Shallow MLP"",""ch"":""62ch"",""delta_acc"":0.0196422222,""delta_f1"":0.0191355556},{""model_id"":""M11"",""name"":""Shallow MLP"",""ch"":""6ch"",""delta_acc"":0.0113533333,""delta_f1"":0.0119733333},{""model_id"":""M12"",""name"":""Deep MLP"",""ch"":""62ch"",""delta_acc"":0.0134044444,""delta_f1"":0.0125311111},{""model_id"":""M12"",""name"":""Deep MLP"",""ch"":""6ch"",""delta_acc"":0.0027511111,""delta_f1"":0.0067222222},{""model_id"":""M13"",""name"":""LSTM"",""ch"":""62ch"",""delta_acc"":0.0014066667,""delta_f1"":0.0016088889}]",error,"ImportError(""Missing optional dependency 'tabulate'.  Use pip or conda to install tabulate."")",KEEP_RESULT_PROVENANCE
C\results\final_tables\table_5_4_ablations.csv,1.76 KB,11,9,"ablation, acc_A_mean, acc_A_std, f1_A_mean, f1_A_std, acc_B_mean, acc_B_std, f1_B_mean, f1_B_std","[{""ablation"":""A06"",""acc_A_mean"":0.3540474606,""acc_A_std"":0.0126058494,""f1_A_mean"":0.346940134,""f1_A_std"":0.0072888721,""acc_B_mean"":0.5340487369,""acc_B_std"":0.0237683336,""f1_B_mean"":0.5306885496,""f1_B_std"":0.0243740255},{""ablation"":""A10"",""acc_A_mean"":0.3932135729,""acc_A_std"":0.0146476707,""f1_A_mean"":0.3737294752,""f1_A_std"":0.0129460619,""acc_B_mean"":0.5307399955,""acc_B_std"":0.0332966298,""f1_B_mean"":0.5249444782,""f1_B_std"":0.034304947},{""ablation"":""A04"",""acc_A_mean"":0.3615879352,""acc_A_std"":0.0063011686,""f1_A_mean"":0.354178904,""f1_A_std"":0.0040076064,""acc_B_mean"":0.5295774648,""acc_B_std"":0.0383888329,""f1_B_mean"":0.5289541021,""f1_B_std"":0.0368842147},{""ablation"":""A13"",""acc_A_mean"":0.3615879352,""acc_A_std"":0.0063011686,""f1_A_mean"":0.354178904,""f1_A_std"":0.0040076064,""acc_B_mean"":0.5295774648,""acc_B_std"":0.0383888329,""f1_B_mean"":0.5289541021,""f1_B_std"":0.0368842147},{""ablation"":""A08"",""acc_A_mean"":0.3615879352,""acc_A_std"":0.0063011686,""f1_A_mean"":0.354178904,""f1_A_std"":0.0040076064,""acc_B_mea",error,"ImportError(""Missing optional dependency 'tabulate'.  Use pip or conda to install tabulate."")",KEEP_RESULT_PROVENANCE
C\results\final_tables\table_5_1_classical_main.csv,1.64 KB,20,12,"model_id, name, ch, F1_mean, F1_std, Acc_mean, Acc_std, f1_neutral, f1_sad, f1_fear, f1_happy, n_runs","[{""model_id"":""M01"",""name"":""LDA"",""ch"":""62ch"",""F1_mean"":0.4047,""F1_std"":0.1063,""Acc_mean"":0.4081,""Acc_std"":0.1074,""f1_neutral"":0.4633,""f1_sad"":0.3976,""f1_fear"":0.3581,""f1_happy"":0.3998,""n_runs"":45},{""model_id"":""M01"",""name"":""LDA"",""ch"":""6ch"",""F1_mean"":0.4345,""F1_std"":0.1095,""Acc_mean"":0.4408,""Acc_std"":0.1078,""f1_neutral"":0.5123,""f1_sad"":0.4218,""f1_fear"":0.3288,""f1_happy"":0.4752,""n_runs"":45},{""model_id"":""M02"",""name"":""SVM (RBF)"",""ch"":""62ch"",""F1_mean"":0.4763,""F1_std"":0.0959,""Acc_mean"":0.4811,""Acc_std"":0.0961,""f1_neutral"":0.5617,""f1_sad"":0.4841,""f1_fear"":0.3907,""f1_happy"":0.4687,""n_runs"":45},{""model_id"":""M02"",""name"":""SVM (RBF)"",""ch"":""6ch"",""F1_mean"":0.352,""F1_std"":0.0718,""Acc_mean"":0.3653,""Acc_std"":0.0722,""f1_neutral"":0.389,""f1_sad"":0.3598,""f1_fear"":0.2689,""f1_happy"":0.3904,""n_runs"":45},{""model_id"":""M03"",""name"":""Random Forest"",""ch"":""62ch"",""F1_mean"":0.4648,""F1_std"":0.131,""Acc_mean"":0.4702,""Acc_std"":0.1275,""f1_neutral"":0.4715,""f1_sad"":0.485,""f1_fear"":0.4186,""f1_happy"":0.484,""n_runs"":45}]",error,"ImportError(""Missing optional dependency 'tabulate'.  Use pip or conda to install tabulate."")",KEEP_RESULT_PROVENANCE
C\results\final_tables\table_5_7_per_class_top_models.csv,1.36 KB,20,8,"model_id, name, ch, source, f1_neutral, f1_sad, f1_fear, f1_happy","[{""model_id"":""M01"",""name"":""LDA"",""ch"":""62ch"",""source"":""classical_summary"",""f1_neutral"":0.4633,""f1_sad"":0.3976,""f1_fear"":0.3581,""f1_happy"":0.3998},{""model_id"":""M01"",""name"":""LDA"",""ch"":""6ch"",""source"":""classical_summary"",""f1_neutral"":0.5123,""f1_sad"":0.4218,""f1_fear"":0.3288,""f1_happy"":0.4752},{""model_id"":""M02"",""name"":""SVM (RBF)"",""ch"":""62ch"",""source"":""classical_summary"",""f1_neutral"":0.5617,""f1_sad"":0.4841,""f1_fear"":0.3907,""f1_happy"":0.4687},{""model_id"":""M02"",""name"":""SVM (RBF)"",""ch"":""6ch"",""source"":""classical_summary"",""f1_neutral"":0.389,""f1_sad"":0.3598,""f1_fear"":0.2689,""f1_happy"":0.3904},{""model_id"":""M03"",""name"":""Random Forest"",""ch"":""62ch"",""source"":""classical_summary"",""f1_neutral"":0.4715,""f1_sad"":0.485,""f1_fear"":0.4186,""f1_happy"":0.484}]",error,"ImportError(""Missing optional dependency 'tabulate'.  Use pip or conda to install tabulate."")",KEEP_RESULT_PROVENANCE
C\results\final_tables\table_5_3_dance_loso_verified.csv,571.00 B,2,14,"model_id, name, ch, n_runs, acc_a_mean, acc_a_std, f1_a_mean, f1_a_std, acc_b_mean, acc_b_std, f1_b_mean, f1_b_std, mean_best_val_f1, mean_elapsed","[{""model_id"":""M25"",""name"":""DANCE Teacher"",""ch"":""62ch"",""n_runs"":45,""acc_a_mean"":0.4192577778,""acc_a_std"":0.093434368,""f1_a_mean"":0.40768,""f1_a_std"":0.0943143043,""acc_b_mean"":0.5189577778,""acc_b_std"":0.091377383,""f1_b_mean"":0.5026311111,""f1_b_std"":0.0972601101,""mean_best_val_f1"":0.5865933333,""mean_elapsed"":2009.92},{""model_id"":""M26"",""name"":""DANCE Student"",""ch"":""6ch"",""n_runs"":45,""acc_a_mean"":0.3900911111,""acc_a_std"":0.0740197081,""f1_a_mean"":0.3774933333,""f1_a_std"":0.0745171133,""acc_b_mean"":0.5706111111,""acc_b_std"":0.0872849207,""f1_b_mean"":0.5411711111,""f1_b_std"":0.1009330373,""mean_best_val_f1"":0.7102022222,""mean_elapsed"":264.0111111111}]",error,"ImportError(""Missing optional dependency 'tabulate'.  Use pip or conda to install tabulate."")",KEEP_RESULT_PROVENANCE
C\results\final_tables\table_audit_sources.csv,469.00 B,8,4,"output, source, role, status","[{""output"":""table_5_1"",""source"":""classical_ml_summary.csv"",""role"":""primary"",""status"":true},{""output"":""table_5_2"",""source"":""M11-M24 per-model CSVs + master"",""role"":""primary+audit"",""status"":true},{""output"":""table_5_3"",""source"":""M25_62ch + M26_6ch summaries"",""role"":""primary"",""status"":true},{""output"":""table_5_3b"",""source"":""phaseB_reproduce_results.csv"",""role"":""primary"",""status"":true},{""output"":""table_5_4"",""source"":""ablations_partial_summary.csv"",""role"":""primary"",""status"":true}]",error,"ImportError(""Missing optional dependency 'tabulate'.  Use pip or conda to install tabulate."")",KEEP_RESULT_PROVENANCE
C\results\final_tables\table_5_3b_dance_reproduction.csv,365.00 B,4,6,"variant, model, acc_a, acc_b, ref_acc_b, delta_vs_ref_b","[{""variant"":""E00"",""model"":""Teacher"",""acc_a"":0.4436460413,""acc_b"":0.6170275723,""ref_acc_b"":0.5913,""delta_vs_ref_b"":0.0257275723},{""variant"":""H17"",""model"":""Teacher"",""acc_a"":0.4576180971,""acc_b"":0.6079623403,""ref_acc_b"":0.5913,""delta_vs_ref_b"":0.0166623403},{""variant"":""E00"",""model"":""Student"",""acc_a"":0.3865602129,""acc_b"":0.5406321453,""ref_acc_b"":0.6918,""delta_vs_ref_b"":-0.1511678547},{""variant"":""H17"",""model"":""Student"",""acc_a"":0.3964071856,""acc_b"":0.544398117,""ref_acc_b"":0.6918,""delta_vs_ref_b"":-0.147401883}]",error,"ImportError(""Missing optional dependency 'tabulate'.  Use pip or conda to install tabulate."")",KEEP_RESULT_PROVENANCE
C\results\final_tables\audit_statistical_tests.csv,355.00 B,3,7,"model, model_mean, m25_mean, t_stat, p_value, significant, n_paired","[{""model"":""CLISA"",""model_mean"":0.6800511111,""m25_mean"":0.5189577778,""t_stat"":-16.3057400669,""p_value"":2.87898746e-20,""significant"":true,""n_paired"":45},{""model"":""DANN"",""model_mean"":0.6618955556,""m25_mean"":0.5189577778,""t_stat"":-12.7568459048,""p_value"":2.207736197e-16,""significant"":true,""n_paired"":45},{""model"":""PseudoLabel"",""model_mean"":0.6574111111,""m25_mean"":0.5189577778,""t_stat"":-12.6731465323,""p_value"":2.775904158e-16,""significant"":true,""n_paired"":45}]",error,"ImportError(""Missing optional dependency 'tabulate'.  Use pip or conda to install tabulate."")",KEEP_RESULT_PROVENANCE
C\results\phaseB_reproduction\phaseB_reproduce_results.csv,340.00 B,1,10,"e00_teacher_acc_a, e00_teacher_acc_b, h17_teacher_acc_a, h17_teacher_acc_b, e00_student_acc_a, e00_student_acc_b, h17_student_acc_a, h17_student_acc_b, teacher_ref_b, student_ref_b","[{""e00_teacher_acc_a"":0.4436460413,""e00_teacher_acc_b"":0.6170275723,""h17_teacher_acc_a"":0.4576180971,""h17_teacher_acc_b"":0.6079623403,""e00_student_acc_a"":0.3865602129,""e00_student_acc_b"":0.5406321453,""h17_student_acc_a"":0.3964071856,""h17_student_acc_b"":0.544398117,""teacher_ref_b"":0.5913,""student_ref_b"":0.6918}]",ok,,KEEP_RESULT_PROVENANCE
C\results\final_tables\audit_discovered_optional_assets.csv,144.00 B,2,3,"type, path, size_kb","[{""type"":""per_class"",""path"":""results\\final_tables\\table_5_7_per_class_top_models.csv"",""size_kb"":1.36328125},{""type"":""tsne"",""path"":""features\\seed_iv_tsne_raw_2000.npy"",""size_kb"":15.75}]",error,"ImportError(""Missing optional dependency 'tabulate'.  Use pip or conda to install tabulate."")",KEEP_RESULT_PROVENANCE
C\results\cross_dataset\cross_dataset_results.csv,30.00 B,0,6,"exp, src, tgt, model, acc_A, f1_A",[],ok,,KEEP_RESULT_PROVENANCE
